{"Dummy":{"accuracy":0.6766666667,"f1":0.0,"ROC-AUC":0.5},"LogisticRegression":{"accuracy":0.8275,"f1":0.7076271186,"ROC-AUC":0.8746905312},"DecisionTree":{"accuracy":0.8766666667,"f1":0.8,"ROC-AUC":0.9069205157},"RandomForest":{"accuracy":0.9116666667,"f1":0.8519553073,"ROC-AUC":0.9581328399},"Boosting":{"accuracy":0.91625,"f1":0.8633582597,"ROC-AUC":0.9610124867}}