feature,outlier_count,outlier_share,min,max
loan_amnt,2348,0.052177777777777774,500.0,35000.0
person_income,2218,0.04928888888888889,8000.0,7200766.0
person_age,2188,0.04862222222222222,20.0,144.0
person_emp_exp,1724,0.03831111111111111,0.0,125.0
cb_person_cred_hist_length,1366,0.030355555555555556,2.0,30.0
loan_percent_income,744,0.016533333333333334,0.0,0.66
credit_score,467,0.010377777777777777,390.0,850.0
loan_int_rate,124,0.0027555555555555554,5.42,20.0
