experiment_id,dataset,seed,model_summary,dropout,batchnorm,epochs_trained,best_val_accuracy,best_val_loss
E0,KMNIST,42,MLP hidden=[256],0.0,False,15,0.9784166666666667,0.07924866246183714
E1,KMNIST,42,"MLP hidden=[512, 256]",0.0,False,15,0.9779166666666667,0.08002549891670545
E2,KMNIST,42,"MLP hidden=[512, 256]",0.3,False,15,0.982,0.0668240434229374
E3,KMNIST,42,"MLP hidden=[512, 256]",0.0,True,15,0.9816666666666667,0.07101325827340285
E4,KMNIST,42,"MLP hidden=[512, 256]",0.3,False,17,0.9805,0.07252197090288004
